{"cameraMode":{"drawMode":31,"name":"Sprite Mask","section":"Miscellaneous"},"sceneLighting":true,"audioPlay":false,"sceneViewState":{"showFog":true,"showMaterialUpdate":false,"showSkybox":true,"showFlares":true,"showImageEffects":true,"showParticleSystems":true},"in2DMode":false,"pivot":{"x":17.514711380004884,"y":8.40440559387207,"z":20.14659881591797},"rotation":{"x":0.6312345862388611,"y":0.04181699454784393,"z":-0.0341167077422142,"w":0.7737467885017395},"size":10.405187606811524,"orthographic":false}